MS01200,200
MS02200,200
MS03200,200
MS04200,200
MS05200,200
MS06200,200
MS07200,200
MS08200,200
MS09200,200
MS10200,200
MS11200,200
MS12200,200
MS13200,200
MS14200,200
MS15200,200
MS16200,200
MS17200,200
MS18200,200
MS19200,200
MS20200,200
MS21200,200
MS22200,200
MS23200,200
MS24200,200
MS25200,200
MS26200,200
MS27200,200
MS28200,200
MS29200,200
MS30200,200
MS31200,200
MS32200,200
MS33200,200
MS34200,200
MS35200,200
MS36200,200
MS37200,200
MS38200,200
MS39200,200
MS40200,200
MS41200,200
MS42200,200
MS43200,200
MS44200,200
MS45200,200
MS46200,200
MS47200,200
MS48200,200
MS49200,200
MS50200,200
MS51200,200
MS52200,200
MS53200,200
MS54200,200
MS55200,200
MS56200,200
MS57200,200
MS58200,200
MS59200,200
MS60200,200
MS61200,200
MS62200,200
MS63200,200
MS64200,200
MS65200,200
MS66200,200
MS67200,200
MS68200,200
MS69200,200
MS70200,200
MS71200,200
MS72200,200
MS73200,200
MS74200,200
MS75200,200
MS76200,200
MS77200,200
MS78200,200
MS79200,200
MS80200,200
MS01500,500
MS02500,500
MS03500,500
MS04500,500
MS05500,500
MS06500,500
MS07500,500
MS08500,500
MS09500,500
MS10500,500
MS11500,500
MS12500,500
MS13500,500
MS14500,500
MS15500,500
MS16500,500
MS17500,500
MS18500,500
MS19500,500
MS20500,500
MS21500,500
MS22500,500
MS23500,500
MS24500,500
MS25500,500
MS26500,500
MS27500,500
MS28500,500
MS29500,500
MS30500,500
MS31500,500
MS32500,500
MS33500,500
MS34500,500
MS35500,500
MS36500,500
MS37500,500
MS38500,500
MS39500,500
MS40500,500
MS41500,500
MS42500,500
MS43500,500
MS44500,500
MS45500,500
MS46500,500
MS47500,500
MS48500,500
MS49500,500
MS50500,500
MS51500,500
MS52500,500
MS53500,500
MS54500,500
MS55500,500
MS56500,500
MS57500,500
MS58500,500
MS59500,500
MS60500,500
MS61500,500
MS62500,500
MS63500,500
MS64500,500
MS65500,500
MS66500,500
MS67500,500
MS68500,500
MS69500,500
MS70500,500